,mean_risk,max_risk
63,0.5024627528732117,0.9902019500732422
